hz,v_rms_per_rthz
5.00,7.6611e-06
6.00,6.4941e-06
7.00,6.8870e-06
8.00,5.1012e-06
9.00,5.7927e-06
10.00,4.8694e-06
11.00,4.6652e-06
12.00,3.6630e-06
13.00,3.7134e-06
14.00,3.5782e-06
15.00,3.9692e-06
16.00,4.4150e-06
17.00,5.5498e-06
18.00,3.9258e-06
19.00,2.8281e-06
20.00,3.2835e-06
21.00,4.2265e-06
22.00,3.1686e-06
23.00,2.7320e-06
24.00,3.6474e-06
25.00,3.7253e-06
26.00,3.8237e-06
27.00,3.2888e-06
28.00,3.3101e-06
29.00,2.8377e-06
30.00,3.3279e-06
31.00,3.3265e-06
32.00,2.5011e-06
33.00,2.6667e-06
34.00,2.8161e-06
35.00,2.8584e-06
36.00,3.1768e-06
37.00,3.4075e-06
38.00,3.1344e-06
39.00,2.4400e-06
40.00,2.2990e-06
41.00,2.1174e-06
42.00,2.3008e-06
43.00,2.9231e-06
44.00,2.9975e-06
45.00,2.4153e-06
46.00,2.4642e-06
47.00,2.9388e-06
48.00,2.4844e-06
49.00,1.6310e-05
50.00,3.1590e-05
51.00,1.5630e-05
52.00,2.2424e-06
53.00,2.7018e-06
54.00,2.7698e-06
55.00,2.3979e-06
56.00,2.6862e-06
57.00,2.5594e-06
58.00,2.2573e-06
59.00,2.0164e-06
60.00,1.9171e-06
61.00,2.0835e-06
62.00,2.2221e-06
63.00,2.3575e-06
64.00,1.8790e-06
65.00,2.2144e-06
66.00,2.2450e-06
67.00,2.1741e-06
68.00,2.0316e-06
69.00,2.3515e-06
70.00,2.4661e-06
71.00,2.6459e-06
72.00,2.5031e-06
73.00,2.0986e-06
74.00,1.7784e-06
75.00,2.1133e-06
76.00,2.2307e-06
77.00,2.3913e-06
78.00,1.5169e-06
79.00,1.4155e-06
80.00,1.8615e-06
81.00,1.9684e-06
82.00,2.1387e-06
83.00,2.1899e-06
84.00,2.1590e-06
85.00,2.4096e-06
86.00,2.0750e-06
87.00,1.9690e-06
88.00,1.9202e-06
89.00,1.5012e-06
90.00,1.6520e-06
91.00,1.7403e-06
92.00,1.5566e-06
93.00,1.9909e-06
94.00,2.0472e-06
95.00,1.7796e-06
96.00,2.0042e-06
97.00,1.7500e-06
98.00,1.6652e-06
99.00,1.6223e-06
100.00,1.9294e-06
101.00,1.7544e-06
102.00,1.6237e-06
103.00,1.9438e-06
104.00,1.7409e-06
105.00,1.7285e-06
106.00,1.4881e-06
107.00,1.6040e-06
108.00,1.4902e-06
109.00,1.5464e-06
110.00,1.6396e-06
111.00,1.5249e-06
112.00,1.5151e-06
113.00,1.9426e-06
114.00,2.0283e-06
115.00,1.7026e-06
116.00,1.6246e-06
117.00,1.4474e-06
118.00,1.9082e-06
119.00,2.0104e-06
120.00,1.7886e-06
121.00,1.6550e-06
122.00,1.9630e-06
123.00,1.7358e-06
124.00,1.5128e-06
125.00,1.7910e-06
126.00,1.5243e-06
127.00,1.6619e-06
128.00,1.4100e-06
129.00,1.2107e-06
130.00,1.6106e-06
131.00,1.6528e-06
132.00,1.9748e-06
133.00,1.8030e-06
134.00,1.4643e-06
135.00,1.7282e-06
136.00,1.8574e-06
137.00,1.5743e-06
138.00,1.5384e-06
139.00,1.9227e-06
140.00,1.5541e-06
141.00,1.5431e-06
142.00,1.3816e-06
143.00,1.2926e-06
144.00,1.1722e-06
145.00,1.5614e-06
146.00,1.6578e-06
147.00,1.8284e-06
148.00,1.6984e-06
149.00,1.4820e-06
150.00,2.2094e-06
151.00,1.9361e-06
152.00,1.6017e-06
153.00,1.5936e-06
154.00,1.5886e-06
155.00,1.4500e-06
156.00,1.4762e-06
157.00,1.6313e-06
158.00,1.4992e-06
159.00,1.6692e-06
160.00,1.5543e-06
161.00,1.4553e-06
162.00,1.4847e-06
163.00,1.4764e-06
164.00,1.6559e-06
165.00,1.2291e-06
166.00,1.3112e-06
167.00,1.2098e-06
168.00,1.1567e-06
169.00,1.3880e-06
170.00,1.4006e-06
171.00,1.8681e-06
172.00,1.6453e-06
173.00,1.3033e-06
174.00,1.1488e-06
175.00,1.3962e-06
176.00,1.3125e-06
177.00,1.6896e-06
178.00,1.5645e-06
179.00,1.5034e-06
180.00,1.4670e-06
181.00,1.4852e-06
182.00,1.3099e-06
183.00,1.6219e-06
184.00,1.5407e-06
185.00,1.7312e-06
186.00,1.7212e-06
187.00,1.5693e-06
188.00,1.4197e-06
189.00,1.3947e-06
190.00,1.4226e-06
191.00,1.2732e-06
192.00,1.4732e-06
193.00,1.5175e-06
194.00,1.4862e-06
195.00,1.6512e-06
196.00,9.9849e-07
197.00,1.4361e-06
198.00,1.5515e-06
199.00,1.3916e-06
200.00,1.1958e-06
201.00,1.1537e-06
202.00,1.3173e-06
203.00,1.1784e-06
204.00,1.2363e-06
205.00,9.2791e-07
206.00,1.3557e-06
207.00,1.4201e-06
208.00,1.4962e-06
209.00,1.3700e-06
210.00,1.1813e-06
211.00,1.1977e-06
212.00,1.1696e-06
213.00,1.3907e-06
214.00,1.4860e-06
215.00,1.3425e-06
216.00,1.4067e-06
217.00,1.4474e-06
218.00,1.3290e-06
219.00,1.5062e-06
220.00,1.7120e-06
221.00,1.4313e-06
222.00,1.1229e-06
223.00,1.0425e-06
224.00,1.2155e-06
225.00,1.0844e-06
226.00,1.4383e-06
227.00,1.4638e-06
228.00,1.3258e-06
229.00,1.6071e-06
230.00,1.4528e-06
231.00,1.1221e-06
232.00,1.5673e-06
233.00,1.5941e-06
234.00,1.5113e-06
235.00,1.3234e-06
236.00,1.0416e-06
237.00,1.0700e-06
238.00,1.2827e-06
239.00,1.3395e-06
240.00,1.2546e-06
241.00,1.1934e-06
242.00,1.2274e-06
243.00,1.4421e-06
244.00,1.2771e-06
245.00,1.3643e-06
246.00,1.3477e-06
247.00,1.0764e-06
248.00,1.2882e-06
249.00,1.3893e-06
250.00,1.5891e-06
251.00,1.2095e-06
252.00,1.2159e-06
253.00,1.2103e-06
254.00,1.2787e-06
255.00,1.2348e-06
256.00,1.2634e-06
257.00,1.3107e-06
258.00,1.2223e-06
259.00,1.3091e-06
260.00,1.1568e-06
261.00,1.3222e-06
262.00,1.2035e-06
263.00,1.3862e-06
264.00,1.4340e-06
265.00,1.3554e-06
266.00,1.1747e-06
267.00,1.1370e-06
268.00,1.4179e-06
269.00,1.2960e-06
270.00,1.1187e-06
271.00,1.3356e-06
272.00,1.3987e-06
273.00,1.1879e-06
274.00,1.3273e-06
275.00,1.1367e-06
276.00,1.0552e-06
277.00,1.3018e-06
278.00,1.2294e-06
279.00,1.3205e-06
280.00,1.1585e-06
281.00,1.1419e-06
282.00,1.4992e-06
283.00,1.3003e-06
284.00,1.4306e-06
285.00,1.1712e-06
286.00,1.2176e-06
287.00,1.1331e-06
288.00,1.1345e-06
289.00,9.3853e-07
290.00,1.2821e-06
291.00,1.4295e-06
292.00,1.3757e-06
293.00,9.7381e-07
294.00,1.1484e-06
295.00,1.2762e-06
296.00,1.2195e-06
297.00,1.0657e-06
298.00,9.8365e-07
299.00,1.0873e-06
300.00,1.3109e-06
301.00,1.1196e-06
302.00,1.1341e-06
303.00,1.1896e-06
304.00,1.1774e-06
305.00,1.2233e-06
306.00,1.1423e-06
307.00,1.1881e-06
308.00,1.2650e-06
309.00,1.2094e-06
310.00,8.6975e-07
311.00,1.1059e-06
312.00,1.1273e-06
313.00,1.2106e-06
314.00,1.2880e-06
315.00,1.5531e-06
316.00,1.4697e-06
317.00,1.3764e-06
318.00,1.2958e-06
319.00,1.1861e-06
320.00,1.1311e-06
321.00,1.2303e-06
322.00,1.0835e-06
323.00,1.2542e-06
324.00,1.2735e-06
325.00,1.0610e-06
326.00,1.2242e-06
327.00,1.4185e-06
328.00,1.3567e-06
329.00,1.4219e-06
330.00,1.2482e-06
331.00,9.5982e-07
332.00,1.1331e-06
333.00,1.0954e-06
334.00,1.4457e-06
335.00,1.2921e-06
336.00,1.4072e-06
337.00,1.3404e-06
338.00,1.1753e-06
339.00,1.0277e-06
340.00,9.4548e-07
341.00,1.1007e-06
342.00,1.2066e-06
343.00,1.3980e-06
344.00,1.2600e-06
345.00,1.1878e-06
346.00,1.0029e-06
347.00,1.1654e-06
348.00,1.1657e-06
349.00,1.0531e-06
350.00,1.1494e-06
351.00,1.3914e-06
352.00,1.6419e-06
353.00,1.2083e-06
354.00,8.5275e-07
355.00,1.0117e-06
356.00,1.3132e-06
357.00,1.2238e-06
358.00,1.1179e-06
359.00,1.2136e-06
360.00,1.2754e-06
361.00,1.2276e-06
362.00,1.0961e-06
363.00,1.2721e-06
364.00,9.6301e-07
365.00,1.2460e-06
366.00,1.2474e-06
367.00,9.3747e-07
368.00,1.4000e-06
369.00,1.3747e-06
370.00,1.4399e-06
371.00,1.1083e-06
372.00,1.1676e-06
373.00,1.1170e-06
374.00,1.1985e-06
375.00,1.1981e-06
376.00,1.1520e-06
377.00,1.2637e-06
378.00,1.2620e-06
379.00,1.0897e-06
380.00,1.1120e-06
381.00,8.9661e-07
382.00,1.0923e-06
383.00,1.2425e-06
384.00,1.2085e-06
385.00,1.3000e-06
386.00,1.3587e-06
387.00,1.1295e-06
388.00,1.0898e-06
389.00,1.2515e-06
390.00,1.0123e-06
391.00,9.9013e-07
392.00,1.3694e-06
393.00,1.0082e-06
394.00,1.2364e-06
395.00,1.2411e-06
396.00,1.0959e-06
397.00,8.6422e-07
398.00,1.1050e-06
399.00,9.9967e-07
400.00,1.1268e-06
401.00,1.0375e-06
402.00,1.2964e-06
403.00,1.1550e-06
404.00,1.1378e-06
405.00,1.1762e-06
406.00,8.6828e-07
407.00,8.9614e-07
408.00,9.6996e-07
409.00,1.0405e-06
410.00,1.0309e-06
411.00,1.0772e-06
412.00,1.0183e-06
413.00,1.1725e-06
414.00,1.0407e-06
415.00,1.2015e-06
416.00,9.3015e-07
417.00,1.3419e-06
418.00,1.3621e-06
419.00,1.3939e-06
420.00,1.0384e-06
421.00,1.1590e-06
422.00,9.3710e-07
423.00,9.8662e-07
424.00,1.2631e-06
425.00,1.2862e-06
426.00,1.0506e-06
427.00,8.0714e-07
428.00,1.0157e-06
429.00,1.0634e-06
430.00,1.1455e-06
431.00,6.9714e-07
432.00,8.4415e-07
433.00,1.2319e-06
434.00,1.0156e-06
435.00,1.3906e-06
436.00,1.0805e-06
437.00,1.0703e-06
438.00,1.3105e-06
439.00,1.2795e-06
440.00,1.1361e-06
441.00,1.2004e-06
442.00,1.0079e-06
443.00,1.1541e-06
444.00,9.2069e-07
445.00,1.1254e-06
446.00,1.1910e-06
447.00,1.1584e-06
448.00,1.0623e-06
449.00,1.0580e-06
450.00,7.9561e-07
451.00,1.1874e-06
452.00,9.1570e-07
453.00,8.4104e-07
454.00,1.1135e-06
455.00,1.3074e-06
456.00,1.2780e-06
457.00,1.2209e-06
458.00,1.2545e-06
459.00,1.3909e-06
460.00,1.3562e-06
461.00,1.0217e-06
462.00,1.0246e-06
463.00,1.0687e-06
464.00,1.1041e-06
465.00,1.1113e-06
466.00,9.0493e-07
467.00,9.9924e-07
468.00,1.0488e-06
469.00,1.0832e-06
470.00,1.0223e-06
471.00,8.3811e-07
472.00,1.1339e-06
473.00,1.2761e-06
474.00,1.1789e-06
475.00,1.0471e-06
476.00,9.8648e-07
477.00,1.0179e-06
478.00,1.1367e-06
479.00,9.3493e-07
480.00,8.9666e-07
481.00,9.2028e-07
482.00,9.6332e-07
483.00,1.0224e-06
484.00,1.1236e-06
485.00,8.9527e-07
486.00,1.1857e-06
487.00,9.9995e-07
488.00,1.2553e-06
489.00,1.1937e-06
490.00,1.1493e-06
491.00,8.5783e-07
492.00,1.1554e-06
493.00,1.1559e-06
494.00,1.0619e-06
495.00,1.3249e-06
496.00,9.7130e-07
497.00,1.0974e-06
498.00,1.2105e-06
499.00,1.2875e-06
500.00,1.0852e-06
501.00,9.2898e-07
502.00,1.0335e-06
503.00,1.1102e-06
504.00,1.0483e-06
505.00,1.0607e-06
506.00,1.1842e-06
507.00,1.1840e-06
508.00,7.7596e-07
509.00,8.6948e-07
510.00,1.1200e-06
511.00,9.5175e-07
512.00,1.1596e-06
513.00,9.4696e-07
514.00,1.0856e-06
515.00,1.1811e-06
516.00,1.0246e-06
517.00,1.0164e-06
518.00,1.2170e-06
519.00,1.1410e-06
520.00,8.7085e-07
521.00,1.0081e-06
522.00,1.0702e-06
523.00,9.8488e-07
524.00,6.6422e-07
525.00,8.3320e-07
526.00,1.1050e-06
527.00,9.6551e-07
528.00,9.8857e-07
529.00,1.1295e-06
530.00,8.7566e-07
531.00,1.0952e-06
532.00,1.0450e-06
533.00,1.1195e-06
534.00,1.0711e-06
535.00,1.0773e-06
536.00,1.1847e-06
537.00,1.3588e-06
538.00,1.1114e-06
539.00,9.8806e-07
540.00,9.8236e-07
541.00,1.0596e-06
542.00,1.2341e-06
543.00,1.0736e-06
544.00,8.7590e-07
545.00,8.2711e-07
546.00,1.1409e-06
547.00,1.0478e-06
548.00,9.7613e-07
549.00,1.2396e-06
550.00,8.9154e-07
551.00,9.5102e-07
552.00,1.0066e-06
553.00,1.0949e-06
554.00,1.1407e-06
555.00,1.3794e-06
556.00,1.1055e-06
557.00,1.2418e-06
558.00,9.1492e-07
559.00,1.1400e-06
560.00,1.3286e-06
561.00,1.1617e-06
562.00,9.0267e-07
563.00,9.7686e-07
564.00,1.0211e-06
565.00,1.0890e-06
566.00,1.2341e-06
567.00,1.0045e-06
568.00,1.0824e-06
569.00,1.0359e-06
570.00,8.2645e-07
571.00,9.6027e-07
572.00,1.0338e-06
573.00,1.0643e-06
574.00,1.0505e-06
575.00,1.0588e-06
576.00,1.1894e-06
577.00,9.5293e-07
578.00,9.7579e-07
579.00,9.9477e-07
580.00,1.0909e-06
581.00,8.7652e-07
582.00,8.8645e-07
583.00,9.6702e-07
584.00,1.1346e-06
585.00,1.2025e-06
586.00,1.1522e-06
587.00,1.1328e-06
588.00,1.0712e-06
589.00,1.0605e-06
590.00,9.5312e-07
591.00,9.6297e-07
592.00,9.0832e-07
593.00,8.4392e-07
594.00,8.9248e-07
595.00,1.0346e-06
596.00,1.1851e-06
597.00,1.0489e-06
598.00,1.1388e-06
599.00,1.1638e-06
600.00,1.0855e-06
601.00,1.0658e-06
602.00,1.0003e-06
603.00,8.1444e-07
604.00,1.0469e-06
605.00,1.3013e-06
606.00,1.1902e-06
607.00,1.0154e-06
608.00,1.0073e-06
609.00,9.6993e-07
610.00,1.0472e-06
611.00,8.7360e-07
612.00,8.5726e-07
613.00,9.2463e-07
614.00,9.6234e-07
615.00,1.0112e-06
616.00,9.1171e-07
617.00,1.0052e-06
618.00,1.0705e-06
619.00,1.1989e-06
620.00,1.1989e-06
621.00,1.1721e-06
622.00,9.7192e-07
623.00,7.5769e-07
624.00,9.0337e-07
625.00,9.1865e-07
626.00,1.0830e-06
627.00,9.6451e-07
628.00,8.9305e-07
629.00,8.8885e-07
630.00,9.8001e-07
631.00,1.1856e-06
632.00,1.0914e-06
633.00,9.8699e-07
634.00,8.4812e-07
635.00,9.9486e-07
636.00,1.1252e-06
637.00,9.9986e-07
638.00,1.1850e-06
639.00,8.6023e-07
640.00,9.7123e-07
641.00,8.8527e-07
642.00,1.0291e-06
643.00,9.9517e-07
644.00,1.0561e-06
645.00,1.0079e-06
646.00,1.0461e-06
647.00,7.4885e-07
648.00,9.2891e-07
649.00,1.1858e-06
650.00,8.4276e-07
651.00,9.8551e-07
652.00,1.0355e-06
653.00,1.1582e-06
654.00,1.0126e-06
655.00,9.6417e-07
656.00,8.9257e-07
657.00,1.1833e-06
658.00,1.1357e-06
659.00,9.7305e-07
660.00,8.1634e-07
661.00,1.1213e-06
662.00,1.0613e-06
663.00,1.0777e-06
664.00,1.1448e-06
665.00,1.0029e-06
666.00,1.0794e-06
667.00,1.1124e-06
668.00,7.5491e-07
669.00,1.0413e-06
670.00,1.0608e-06
671.00,1.1138e-06
672.00,8.7671e-07
673.00,1.0762e-06
674.00,1.0514e-06
675.00,1.0832e-06
676.00,9.5949e-07
677.00,9.2114e-07
678.00,1.0426e-06
679.00,8.7778e-07
680.00,1.0971e-06
681.00,1.0829e-06
682.00,1.0709e-06
683.00,1.0173e-06
684.00,8.6405e-07
685.00,9.0356e-07
686.00,1.0234e-06
687.00,9.4406e-07
688.00,9.0654e-07
689.00,1.0915e-06
690.00,1.2265e-06
691.00,1.3112e-06
692.00,8.2977e-07
693.00,9.0317e-07
694.00,9.5511e-07
695.00,9.5783e-07
696.00,1.0717e-06
697.00,6.7449e-07
698.00,7.4093e-07
699.00,1.0131e-06
700.00,1.1013e-06
701.00,1.2106e-06
702.00,1.1690e-06
703.00,9.4918e-07
704.00,9.0517e-07
705.00,7.6383e-07
706.00,1.2256e-06
707.00,1.0654e-06
708.00,1.0463e-06
709.00,1.0223e-06
710.00,9.5863e-07
711.00,8.7478e-07
712.00,1.0205e-06
713.00,9.8761e-07
714.00,1.1908e-06
715.00,1.0972e-06
716.00,9.6111e-07
717.00,9.7032e-07
718.00,9.3640e-07
719.00,1.0446e-06
720.00,1.0392e-06
721.00,9.4526e-07
722.00,1.0705e-06
723.00,9.2097e-07
724.00,9.2458e-07
725.00,1.1275e-06
726.00,1.0866e-06
727.00,1.0637e-06
728.00,9.0119e-07
729.00,1.0044e-06
730.00,9.2689e-07
731.00,1.0259e-06
732.00,1.0030e-06
733.00,7.1500e-07
734.00,1.0064e-06
735.00,1.0051e-06
736.00,1.0339e-06
737.00,8.2209e-07
738.00,1.0117e-06
739.00,9.9271e-07
740.00,1.1839e-06
741.00,1.1789e-06
742.00,9.0841e-07
743.00,8.6639e-07
744.00,9.3927e-07
745.00,9.1225e-07
746.00,9.1542e-07
747.00,8.6010e-07
748.00,1.1594e-06
749.00,1.1167e-06
750.00,1.0932e-06
751.00,1.0397e-06
752.00,1.1086e-06
753.00,9.6138e-07
754.00,1.0105e-06
755.00,9.5655e-07
756.00,9.9847e-07
757.00,1.0653e-06
758.00,1.0499e-06
759.00,8.5048e-07
760.00,9.5716e-07
761.00,9.1137e-07
762.00,8.6113e-07
763.00,9.8393e-07
764.00,1.0229e-06
765.00,1.0828e-06
766.00,9.8823e-07
767.00,1.0397e-06
768.00,1.0190e-06
769.00,9.9088e-07
770.00,1.0281e-06
771.00,1.0286e-06
772.00,8.8067e-07
773.00,1.0289e-06
774.00,9.9618e-07
775.00,1.1214e-06
776.00,9.2874e-07
777.00,9.1414e-07
778.00,9.6864e-07
779.00,1.1110e-06
780.00,1.1982e-06
781.00,7.7663e-07
782.00,1.0733e-06
783.00,1.1320e-06
784.00,9.1833e-07
785.00,9.9914e-07
786.00,1.0007e-06
787.00,1.1714e-06
788.00,1.1303e-06
789.00,9.5737e-07
790.00,9.9383e-07
791.00,1.2209e-06
792.00,9.3380e-07
793.00,1.0489e-06
794.00,1.0168e-06
795.00,9.1309e-07
796.00,1.0124e-06
797.00,1.0457e-06
798.00,1.0257e-06
799.00,1.0335e-06
800.00,8.3344e-07
801.00,9.1779e-07
802.00,8.6989e-07
803.00,8.9797e-07
804.00,1.0632e-06
805.00,9.7823e-07
806.00,8.7811e-07
807.00,1.0660e-06
808.00,1.0707e-06
809.00,9.9204e-07
810.00,9.0423e-07
811.00,1.0409e-06
812.00,1.1551e-06
813.00,1.2256e-06
814.00,9.6459e-07
815.00,8.6930e-07
816.00,9.3576e-07
817.00,1.0165e-06
818.00,1.0608e-06
819.00,9.7623e-07
820.00,9.8180e-07
821.00,1.0569e-06
822.00,9.9933e-07
823.00,7.2975e-07
824.00,7.1357e-07
825.00,8.5725e-07
826.00,9.5904e-07
827.00,1.0277e-06
828.00,1.1328e-06
829.00,1.0556e-06
830.00,8.9144e-07
831.00,9.7231e-07
832.00,1.0096e-06
833.00,1.0673e-06
834.00,9.1198e-07
835.00,9.1139e-07
836.00,8.5525e-07
837.00,9.2957e-07
838.00,8.6954e-07
839.00,8.3919e-07
840.00,9.5580e-07
841.00,1.3696e-06
842.00,1.2067e-06
843.00,1.1278e-06
844.00,1.1222e-06
845.00,8.3056e-07
846.00,1.0088e-06
847.00,1.0182e-06
848.00,1.1588e-06
849.00,1.1357e-06
850.00,1.2697e-06
851.00,1.2683e-06
852.00,1.1965e-06
853.00,1.1039e-06
854.00,8.4243e-07
855.00,8.7114e-07
856.00,1.0958e-06
857.00,8.5102e-07
858.00,1.1935e-06
859.00,1.1204e-06
860.00,9.4308e-07
861.00,9.0393e-07
862.00,9.0374e-07
863.00,1.0736e-06
864.00,1.0610e-06
865.00,1.1704e-06
866.00,1.1533e-06
867.00,9.4147e-07
868.00,8.7159e-07
869.00,8.6143e-07
870.00,1.0922e-06
871.00,1.2690e-06
872.00,1.1305e-06
873.00,9.0768e-07
874.00,8.6978e-07
875.00,9.4945e-07
876.00,1.0993e-06
877.00,9.8357e-07
878.00,8.1767e-07
879.00,1.0757e-06
880.00,1.0272e-06
881.00,1.0237e-06
882.00,1.0383e-06
883.00,1.2156e-06
884.00,1.1337e-06
885.00,1.1244e-06
886.00,9.8191e-07
887.00,7.2460e-07
888.00,1.0800e-06
889.00,1.1364e-06
890.00,9.0349e-07
891.00,8.7161e-07
892.00,1.2808e-06
893.00,8.8738e-07
894.00,8.5900e-07
895.00,1.0622e-06
896.00,9.4458e-07
897.00,1.0857e-06
898.00,9.8080e-07
899.00,1.0356e-06
900.00,8.5933e-07
901.00,9.3922e-07
902.00,1.0343e-06
903.00,1.1074e-06
904.00,1.0434e-06
905.00,9.9147e-07
906.00,9.6872e-07
907.00,1.0338e-06
908.00,1.0783e-06
909.00,1.1089e-06
910.00,1.0048e-06
911.00,9.1867e-07
912.00,1.1041e-06
913.00,1.1318e-06
914.00,8.8836e-07
915.00,8.6296e-07
916.00,1.1265e-06
917.00,8.1294e-07
918.00,8.1390e-07
919.00,8.3117e-07
920.00,1.0671e-06
921.00,8.8330e-07
922.00,1.0481e-06
923.00,9.7023e-07
924.00,9.8282e-07
925.00,7.6665e-07
926.00,9.3879e-07
927.00,8.3670e-07
928.00,8.9270e-07
929.00,7.7515e-07
930.00,8.1420e-07
931.00,1.0009e-06
932.00,9.1592e-07
933.00,8.7022e-07
934.00,1.1290e-06
935.00,9.1012e-07
936.00,1.0313e-06
937.00,8.0205e-07
938.00,9.3072e-07
939.00,9.1127e-07
940.00,1.0093e-06
941.00,6.8766e-07
942.00,8.5416e-07
943.00,1.0976e-06
944.00,9.7401e-07
945.00,9.8717e-07
946.00,7.1203e-07
947.00,1.1160e-06
948.00,1.0843e-06
949.00,8.0305e-07
950.00,7.2629e-07
951.00,7.8219e-07
952.00,9.7477e-07
953.00,7.4620e-07
954.00,1.0190e-06
955.00,1.1557e-06
956.00,9.6865e-07
957.00,9.3560e-07
958.00,7.7491e-07
959.00,8.3345e-07
960.00,7.8180e-07
961.00,9.4866e-07
962.00,1.2677e-06
963.00,1.0725e-06
964.00,9.9570e-07
965.00,7.8348e-07
966.00,8.8770e-07
967.00,9.9422e-07
968.00,9.4797e-07
969.00,1.0044e-06
970.00,1.0022e-06
971.00,9.3380e-07
972.00,1.0227e-06
973.00,1.0751e-06
974.00,1.0082e-06
975.00,1.0377e-06
976.00,1.1738e-06
977.00,1.0226e-06
978.00,1.1222e-06
979.00,9.4721e-07
980.00,8.5644e-07
981.00,1.0226e-06
982.00,9.9608e-07
983.00,1.2128e-06
984.00,7.6567e-07
985.00,1.0936e-06
986.00,8.4220e-07
987.00,8.6604e-07
988.00,1.2610e-06
989.00,9.3441e-07
990.00,9.4409e-07
991.00,1.0703e-06
992.00,1.0454e-06
993.00,9.9401e-07
994.00,7.7379e-07
995.00,9.8590e-07
996.00,1.0206e-06
997.00,8.4374e-07
998.00,9.8804e-07
999.00,1.0300e-06
1000.00,1.2233e-06
1001.00,8.8333e-07
1002.00,9.4889e-07
1003.00,9.5128e-07
1004.00,9.2023e-07
1005.00,1.0838e-06
1006.00,1.1163e-06
1007.00,9.3484e-07
1008.00,8.9367e-07
1009.00,9.7919e-07
1010.00,8.6652e-07
1011.00,9.6193e-07
1012.00,8.8830e-07
1013.00,1.0707e-06
1014.00,1.0283e-06
1015.00,8.7369e-07
1016.00,8.6921e-07
1017.00,9.1084e-07
1018.00,9.4213e-07
1019.00,1.0039e-06
1020.00,8.2669e-07
1021.00,9.6948e-07
1022.00,1.0663e-06
1023.00,1.1849e-06
1024.00,1.1452e-06
1025.00,1.0880e-06
1026.00,9.3526e-07
1027.00,1.1091e-06
1028.00,9.6839e-07
1029.00,8.9734e-07
1030.00,1.2334e-06
1031.00,7.9510e-07
1032.00,1.0474e-06
1033.00,9.7250e-07
1034.00,9.9687e-07
1035.00,1.0826e-06
1036.00,8.9771e-07
1037.00,1.1487e-06
1038.00,1.1328e-06
1039.00,9.5698e-07
1040.00,1.1045e-06
1041.00,9.5495e-07
1042.00,8.9474e-07
1043.00,9.0397e-07
1044.00,9.1798e-07
1045.00,9.8631e-07
1046.00,9.1383e-07
1047.00,9.6851e-07
1048.00,1.0143e-06
1049.00,8.8789e-07
1050.00,1.0413e-06
1051.00,1.0748e-06
1052.00,1.1768e-06
1053.00,9.5342e-07
1054.00,8.9381e-07
1055.00,9.6625e-07
1056.00,9.8782e-07
1057.00,9.5592e-07
1058.00,1.0774e-06
1059.00,8.1794e-07
1060.00,9.0886e-07
1061.00,1.0380e-06
1062.00,1.1894e-06
1063.00,7.7152e-07
1064.00,1.0256e-06
1065.00,1.1051e-06
1066.00,1.0257e-06
1067.00,1.0604e-06
1068.00,1.0530e-06
1069.00,8.3926e-07
1070.00,8.7940e-07
1071.00,1.0177e-06
1072.00,9.9885e-07
1073.00,8.6017e-07
1074.00,9.7490e-07
1075.00,8.0653e-07
1076.00,1.0056e-06
1077.00,1.1770e-06
1078.00,1.0839e-06
1079.00,1.0026e-06
1080.00,1.2436e-06
1081.00,1.0526e-06
1082.00,1.0392e-06
1083.00,9.0335e-07
1084.00,9.0801e-07
1085.00,1.0073e-06
1086.00,9.5398e-07
1087.00,9.8284e-07
1088.00,8.1704e-07
1089.00,8.1970e-07
1090.00,9.7422e-07
1091.00,1.1374e-06
1092.00,8.1136e-07
1093.00,8.8034e-07
1094.00,1.0220e-06
1095.00,6.8955e-07
1096.00,8.7023e-07
1097.00,8.3882e-07
1098.00,1.0232e-06
1099.00,1.0162e-06
1100.00,8.2178e-07
1101.00,9.6530e-07
1102.00,8.4279e-07
1103.00,9.1363e-07
1104.00,8.2596e-07
1105.00,8.3009e-07
1106.00,7.1574e-07
1107.00,9.0351e-07
1108.00,9.5991e-07
1109.00,9.2485e-07
1110.00,9.7514e-07
1111.00,8.2691e-07
1112.00,1.0523e-06
1113.00,9.0256e-07
1114.00,8.6445e-07
1115.00,9.7535e-07
1116.00,1.0467e-06
1117.00,9.0098e-07
1118.00,1.0038e-06
1119.00,1.0001e-06
1120.00,9.8465e-07
1121.00,7.9072e-07
1122.00,9.0372e-07
1123.00,1.1516e-06
1124.00,1.0813e-06
1125.00,9.6937e-07
1126.00,9.8764e-07
1127.00,8.8090e-07
1128.00,1.1418e-06
1129.00,9.1209e-07
1130.00,7.9251e-07
1131.00,1.0906e-06
1132.00,9.2962e-07
1133.00,9.9362e-07
1134.00,1.0041e-06
1135.00,1.1395e-06
1136.00,8.7367e-07
1137.00,1.0368e-06
1138.00,9.5393e-07
1139.00,7.6761e-07
1140.00,1.1812e-06
1141.00,9.5007e-07
1142.00,9.9202e-07
1143.00,8.3010e-07
1144.00,8.1595e-07
1145.00,1.1112e-06
1146.00,1.0162e-06
1147.00,9.7287e-07
1148.00,1.0429e-06
1149.00,9.3592e-07
1150.00,9.3256e-07
1151.00,9.7340e-07
1152.00,1.0913e-06
1153.00,8.2857e-07
1154.00,1.0350e-06
1155.00,1.1293e-06
1156.00,9.2549e-07
1157.00,1.0514e-06
1158.00,1.0063e-06
1159.00,8.6457e-07
1160.00,1.0666e-06
1161.00,9.3779e-07
1162.00,6.5953e-07
1163.00,7.8704e-07
1164.00,1.1488e-06
1165.00,1.1315e-06
1166.00,1.0527e-06
1167.00,9.2384e-07
1168.00,1.0987e-06
1169.00,8.2339e-07
1170.00,1.0894e-06
1171.00,8.7178e-07
1172.00,7.8377e-07
1173.00,8.5136e-07
1174.00,9.4985e-07
1175.00,1.1036e-06
1176.00,9.1930e-07
1177.00,9.5352e-07
1178.00,8.5325e-07
1179.00,1.0124e-06
1180.00,6.7726e-07
1181.00,5.8662e-07
1182.00,1.0336e-06
1183.00,9.8445e-07
1184.00,8.9408e-07
1185.00,1.0767e-06
1186.00,1.2511e-06
1187.00,1.0627e-06
1188.00,8.6800e-07
1189.00,9.3380e-07
1190.00,9.7458e-07
1191.00,9.4090e-07
1192.00,9.5420e-07
1193.00,9.4183e-07
1194.00,8.5424e-07
1195.00,1.0991e-06
1196.00,9.4446e-07
1197.00,9.8990e-07
1198.00,8.6400e-07
1199.00,1.0606e-06
1200.00,8.9145e-07
1201.00,7.8564e-07
1202.00,8.6091e-07
1203.00,1.1578e-06
1204.00,8.6509e-07
1205.00,1.0065e-06
1206.00,8.0071e-07
1207.00,9.1158e-07
1208.00,9.0078e-07
1209.00,9.1282e-07
1210.00,1.0187e-06
1211.00,8.4837e-07
1212.00,8.3990e-07
1213.00,8.1414e-07
1214.00,1.0770e-06
1215.00,7.8861e-07
1216.00,8.7293e-07
1217.00,9.0350e-07
1218.00,1.1693e-06
1219.00,1.0092e-06
1220.00,9.1792e-07
1221.00,9.7210e-07
1222.00,7.7908e-07
1223.00,9.7397e-07
1224.00,7.5938e-07
1225.00,9.1651e-07
1226.00,1.0547e-06
1227.00,7.4634e-07
1228.00,1.0387e-06
1229.00,1.1819e-06
1230.00,8.3930e-07
1231.00,8.3442e-07
1232.00,1.0887e-06
1233.00,7.5166e-07
1234.00,1.1617e-06
1235.00,1.0341e-06
1236.00,8.5742e-07
1237.00,9.5246e-07
1238.00,7.3814e-07
1239.00,8.0855e-07
1240.00,8.4577e-07
1241.00,1.0494e-06
1242.00,1.1934e-06
1243.00,1.0010e-06
1244.00,1.0172e-06
1245.00,8.4740e-07
1246.00,7.6784e-07
1247.00,7.7098e-07
1248.00,7.6987e-07
1249.00,9.1017e-07
1250.00,6.3618e-07
1251.00,9.7674e-07
1252.00,9.6250e-07
1253.00,9.2769e-07
1254.00,9.5710e-07
1255.00,9.3626e-07
1256.00,8.7445e-07
1257.00,8.8672e-07
1258.00,8.6328e-07
1259.00,1.0355e-06
1260.00,8.5320e-07
1261.00,1.1365e-06
1262.00,9.5980e-07
1263.00,9.4585e-07
1264.00,1.0591e-06
1265.00,9.0485e-07
1266.00,1.0021e-06
1267.00,9.9978e-07
1268.00,9.0441e-07
1269.00,1.0398e-06
1270.00,9.8540e-07
1271.00,1.0205e-06
1272.00,1.1088e-06
1273.00,8.5093e-07
1274.00,9.5662e-07
1275.00,9.2379e-07
1276.00,8.0521e-07
1277.00,8.7656e-07
1278.00,8.4261e-07
1279.00,9.0042e-07
1280.00,8.4575e-07
1281.00,9.0760e-07
1282.00,9.1570e-07
1283.00,7.8234e-07
1284.00,8.5593e-07
1285.00,1.0174e-06
1286.00,8.4418e-07
1287.00,9.1474e-07
1288.00,9.5215e-07
1289.00,9.1578e-07
1290.00,9.0465e-07
1291.00,1.0764e-06
1292.00,9.3447e-07
1293.00,1.1754e-06
1294.00,1.0440e-06
1295.00,9.2736e-07
1296.00,9.6922e-07
1297.00,9.4829e-07
1298.00,1.0146e-06
1299.00,8.5802e-07
1300.00,9.4532e-07
1301.00,8.8746e-07
1302.00,8.7490e-07
1303.00,1.0055e-06
1304.00,1.0958e-06
1305.00,6.4350e-07
1306.00,9.8060e-07
1307.00,7.0407e-07
1308.00,8.8395e-07
1309.00,8.7489e-07
1310.00,1.2108e-06
1311.00,7.7825e-07
1312.00,7.2310e-07
1313.00,1.0473e-06
1314.00,9.5938e-07
1315.00,1.0246e-06
1316.00,1.0284e-06
1317.00,9.8729e-07
1318.00,9.2555e-07
1319.00,8.0359e-07
1320.00,7.5945e-07
1321.00,7.9986e-07
1322.00,8.2416e-07
1323.00,8.1414e-07
1324.00,9.5761e-07
1325.00,9.3551e-07
1326.00,8.6026e-07
1327.00,9.1445e-07
1328.00,8.3178e-07
1329.00,9.3837e-07
1330.00,1.1361e-06
1331.00,1.0424e-06
1332.00,1.0603e-06
1333.00,1.1352e-06
1334.00,1.0306e-06
1335.00,8.9655e-07
1336.00,7.7342e-07
1337.00,6.8951e-07
1338.00,9.1026e-07
1339.00,8.5310e-07
1340.00,8.6130e-07
1341.00,8.2212e-07
1342.00,9.0846e-07
1343.00,8.9181e-07
1344.00,9.6808e-07
1345.00,8.1665e-07
1346.00,8.6016e-07
1347.00,1.0443e-06
1348.00,8.5271e-07
1349.00,8.6888e-07
1350.00,9.1985e-07
1351.00,9.1508e-07
1352.00,1.0874e-06
1353.00,8.7709e-07
1354.00,8.7548e-07
1355.00,1.1533e-06
1356.00,8.6269e-07
1357.00,1.1016e-06
1358.00,9.7439e-07
1359.00,9.0787e-07
1360.00,1.0726e-06
1361.00,1.1681e-06
1362.00,9.5152e-07
1363.00,8.8060e-07
1364.00,8.6412e-07
1365.00,7.5718e-07
1366.00,9.3697e-07
1367.00,1.1093e-06
1368.00,9.9521e-07
1369.00,1.0132e-06
1370.00,9.6853e-07
1371.00,9.9606e-07
1372.00,8.8081e-07
1373.00,8.8011e-07
1374.00,8.2527e-07
1375.00,9.6527e-07
1376.00,9.9381e-07
1377.00,9.2995e-07
1378.00,9.2899e-07
1379.00,9.6913e-07
1380.00,1.4080e-06
1381.00,1.2002e-06
1382.00,9.4736e-07
1383.00,1.0449e-06
1384.00,7.8419e-07
1385.00,1.1210e-06
1386.00,8.3808e-07
1387.00,5.4079e-07
1388.00,1.0901e-06
1389.00,1.0220e-06
1390.00,9.0561e-07
1391.00,9.3744e-07
1392.00,7.5349e-07
1393.00,8.6874e-07
1394.00,1.0640e-06
1395.00,8.5326e-07
1396.00,8.7152e-07
1397.00,8.7243e-07
1398.00,8.8952e-07
1399.00,1.0139e-06
1400.00,8.2675e-07
1401.00,8.5170e-07
1402.00,9.4809e-07
1403.00,9.4634e-07
1404.00,9.9030e-07
1405.00,1.0974e-06
1406.00,9.3422e-07
1407.00,8.5824e-07
1408.00,1.0834e-06
1409.00,1.0533e-06
1410.00,9.5052e-07
1411.00,8.9099e-07
1412.00,9.4602e-07
1413.00,1.0133e-06
1414.00,9.0653e-07
1415.00,9.5224e-07
1416.00,9.5357e-07
1417.00,9.2058e-07
1418.00,1.0346e-06
1419.00,1.0022e-06
1420.00,9.0086e-07
1421.00,8.7301e-07
1422.00,1.0161e-06
1423.00,8.5701e-07
1424.00,9.6332e-07
1425.00,1.1046e-06
1426.00,9.2532e-07
1427.00,9.1267e-07
1428.00,8.3878e-07
1429.00,8.1751e-07
1430.00,8.4549e-07
1431.00,8.5512e-07
1432.00,7.7159e-07
1433.00,8.4603e-07
1434.00,1.0620e-06
1435.00,9.7921e-07
1436.00,8.9734e-07
1437.00,8.7296e-07
1438.00,9.7129e-07
1439.00,9.9650e-07
1440.00,9.2527e-07
1441.00,9.2277e-07
1442.00,8.3682e-07
1443.00,9.4976e-07
1444.00,8.9896e-07
1445.00,1.0828e-06
1446.00,9.0229e-07
1447.00,8.1463e-07
1448.00,8.8440e-07
1449.00,9.7787e-07
1450.00,9.6540e-07
1451.00,8.8173e-07
1452.00,9.1506e-07
1453.00,9.2495e-07
1454.00,7.9002e-07
1455.00,9.2461e-07
1456.00,9.7033e-07
1457.00,9.9169e-07
1458.00,1.0527e-06
1459.00,1.0856e-06
1460.00,8.4885e-07
1461.00,9.8275e-07
1462.00,9.3202e-07
1463.00,9.3771e-07
1464.00,1.0353e-06
1465.00,9.8325e-07
1466.00,1.1277e-06
1467.00,9.4379e-07
1468.00,1.1307e-06
1469.00,1.1025e-06
1470.00,1.1996e-06
1471.00,1.0197e-06
1472.00,9.4064e-07
1473.00,9.3617e-07
1474.00,1.2352e-06
1475.00,8.6290e-07
1476.00,8.4149e-07
1477.00,9.2529e-07
1478.00,8.2672e-07
1479.00,8.7888e-07
1480.00,8.4529e-07
1481.00,9.6747e-07
1482.00,9.5937e-07
1483.00,8.1507e-07
1484.00,9.4959e-07
1485.00,1.1689e-06
1486.00,1.0509e-06
1487.00,8.3967e-07
1488.00,9.6999e-07
1489.00,1.0949e-06
1490.00,1.1017e-06
1491.00,8.9860e-07
1492.00,7.9592e-07
1493.00,1.0050e-06
1494.00,8.0271e-07
1495.00,9.0072e-07
1496.00,9.1078e-07
1497.00,8.8532e-07
1498.00,6.9587e-07
1499.00,9.0525e-07
1500.00,8.9104e-07
1501.00,8.0590e-07
1502.00,9.4929e-07
1503.00,9.1086e-07
1504.00,9.8789e-07
1505.00,1.1343e-06
1506.00,1.0391e-06
1507.00,1.0026e-06
1508.00,9.3654e-07
1509.00,1.0117e-06
1510.00,9.5891e-07
1511.00,8.4943e-07
1512.00,1.0651e-06
1513.00,9.4376e-07
1514.00,1.0924e-06
1515.00,7.6150e-07
1516.00,1.1411e-06
1517.00,9.8819e-07
1518.00,9.4185e-07
1519.00,9.3447e-07
1520.00,1.0541e-06
1521.00,8.5403e-07
1522.00,8.4624e-07
1523.00,9.4050e-07
1524.00,8.4352e-07
1525.00,9.6281e-07
1526.00,8.3566e-07
1527.00,9.9560e-07
1528.00,1.0470e-06
1529.00,8.0805e-07
1530.00,9.7527e-07
1531.00,9.6553e-07
1532.00,9.4172e-07
1533.00,1.0042e-06
1534.00,1.0223e-06
1535.00,8.0710e-07
1536.00,1.0080e-06
1537.00,9.3892e-07
1538.00,9.2417e-07
1539.00,9.0340e-07
1540.00,1.1881e-06
1541.00,8.3614e-07
1542.00,8.7011e-07
1543.00,1.0357e-06
1544.00,9.3328e-07
1545.00,1.0403e-06
1546.00,1.0679e-06
1547.00,1.0018e-06
1548.00,1.0762e-06
1549.00,1.0257e-06
1550.00,9.0120e-07
1551.00,1.1523e-06
1552.00,8.2203e-07
1553.00,8.0636e-07
1554.00,9.1335e-07
1555.00,9.9744e-07
1556.00,9.9109e-07
1557.00,1.0080e-06
1558.00,1.0707e-06
1559.00,7.9544e-07
1560.00,7.7197e-07
1561.00,9.9676e-07
1562.00,9.8286e-07
1563.00,9.3585e-07
1564.00,1.0084e-06
1565.00,1.0466e-06
1566.00,1.0422e-06
1567.00,1.0659e-06
1568.00,9.7546e-07
1569.00,9.6050e-07
1570.00,8.3599e-07
1571.00,8.8579e-07
1572.00,7.8805e-07
1573.00,9.3182e-07
1574.00,1.0487e-06
1575.00,1.1123e-06
1576.00,9.1258e-07
1577.00,8.6614e-07
1578.00,1.0021e-06
1579.00,9.1153e-07
1580.00,9.2647e-07
1581.00,1.1386e-06
1582.00,8.2636e-07
1583.00,8.0756e-07
1584.00,8.8891e-07
1585.00,1.0564e-06
1586.00,8.2779e-07
1587.00,8.5012e-07
1588.00,1.0023e-06
1589.00,9.0664e-07
1590.00,9.5269e-07
1591.00,8.7144e-07
1592.00,6.3589e-07
1593.00,8.2444e-07
1594.00,1.0265e-06
1595.00,8.5175e-07
1596.00,8.6911e-07
1597.00,8.7298e-07
1598.00,1.2309e-06
1599.00,9.5249e-07
1600.00,9.2074e-07
1601.00,9.7178e-07
1602.00,7.8231e-07
1603.00,9.3764e-07
1604.00,1.1588e-06
1605.00,9.5799e-07
1606.00,8.6419e-07
1607.00,8.6662e-07
1608.00,9.5395e-07
1609.00,9.3111e-07
1610.00,6.7646e-07
1611.00,1.0060e-06
1612.00,9.9756e-07
1613.00,9.0394e-07
1614.00,9.7441e-07
1615.00,8.4127e-07
1616.00,7.8606e-07
1617.00,9.2004e-07
1618.00,7.2365e-07
1619.00,8.8321e-07
1620.00,7.4447e-07
1621.00,7.3100e-07
1622.00,8.5642e-07
1623.00,7.9006e-07
1624.00,8.9351e-07
1625.00,7.4077e-07
1626.00,7.9025e-07
1627.00,8.9363e-07
1628.00,1.1503e-06
1629.00,8.0053e-07
1630.00,9.4590e-07
1631.00,1.0316e-06
1632.00,7.3749e-07
1633.00,9.8333e-07
1634.00,7.7770e-07
1635.00,8.5100e-07
1636.00,7.6178e-07
1637.00,9.5818e-07
1638.00,8.3886e-07
1639.00,1.0831e-06
1640.00,9.6048e-07
1641.00,8.3057e-07
1642.00,1.0266e-06
1643.00,8.4703e-07
1644.00,9.4833e-07
1645.00,1.0075e-06
1646.00,9.3191e-07
1647.00,8.6943e-07
1648.00,8.2779e-07
1649.00,9.8061e-07
1650.00,8.6004e-07
1651.00,9.6701e-07
1652.00,9.5726e-07
1653.00,9.8383e-07
1654.00,9.7845e-07
1655.00,9.6688e-07
1656.00,1.0238e-06
1657.00,9.0258e-07
1658.00,9.3152e-07
1659.00,8.8593e-07
1660.00,1.0159e-06
1661.00,9.1557e-07
1662.00,1.0147e-06
1663.00,9.6208e-07
1664.00,8.1782e-07
1665.00,7.4908e-07
1666.00,1.1567e-06
1667.00,9.3017e-07
1668.00,1.1340e-06
1669.00,9.1978e-07
1670.00,1.1390e-06
1671.00,8.3128e-07
1672.00,9.5252e-07
1673.00,7.7076e-07
1674.00,1.1618e-06
1675.00,1.0376e-06
1676.00,9.5510e-07
1677.00,9.3950e-07
1678.00,7.5424e-07
1679.00,9.0505e-07
1680.00,8.5057e-07
1681.00,1.0225e-06
1682.00,9.8452e-07
1683.00,1.1096e-06
1684.00,1.1326e-06
1685.00,8.0891e-07
1686.00,9.5138e-07
1687.00,1.0444e-06
1688.00,9.4933e-07
1689.00,9.6272e-07
1690.00,1.0096e-06
1691.00,8.5802e-07
1692.00,1.0227e-06
1693.00,9.5031e-07
1694.00,9.8368e-07
1695.00,1.0717e-06
1696.00,1.0531e-06
1697.00,9.9571e-07
1698.00,1.1025e-06
1699.00,9.1035e-07
1700.00,1.0455e-06
1701.00,1.1078e-06
1702.00,8.6498e-07
1703.00,1.1443e-06
1704.00,9.9001e-07
1705.00,1.0867e-06
1706.00,8.8259e-07
1707.00,1.0606e-06
1708.00,1.1662e-06
1709.00,8.7427e-07
1710.00,8.3712e-07
1711.00,9.0493e-07
1712.00,8.6745e-07
1713.00,8.0588e-07
1714.00,8.7198e-07
1715.00,7.6701e-07
1716.00,8.8442e-07
1717.00,5.8828e-07
1718.00,1.0204e-06
1719.00,8.7812e-07
1720.00,1.0799e-06
1721.00,8.4926e-07
1722.00,9.9675e-07
1723.00,9.3179e-07
1724.00,8.8338e-07
1725.00,8.6951e-07
1726.00,8.9476e-07
1727.00,9.3298e-07
1728.00,1.2750e-06
1729.00,9.8925e-07
1730.00,1.1967e-06
1731.00,9.5334e-07
1732.00,1.0333e-06
1733.00,1.1303e-06
1734.00,1.0624e-06
1735.00,7.7086e-07
1736.00,1.0099e-06
1737.00,8.4975e-07
1738.00,8.7261e-07
1739.00,9.7630e-07
1740.00,8.8912e-07
1741.00,9.0311e-07
1742.00,1.0051e-06
1743.00,8.9741e-07
1744.00,8.6107e-07
1745.00,8.8566e-07
1746.00,9.0000e-07
1747.00,1.0568e-06
1748.00,9.0404e-07
1749.00,1.0707e-06
1750.00,8.0303e-07
1751.00,8.6850e-07
1752.00,7.2904e-07
1753.00,8.5240e-07
1754.00,9.7310e-07
1755.00,1.0339e-06
1756.00,8.1910e-07
1757.00,9.1251e-07
1758.00,1.0055e-06
1759.00,8.0594e-07
1760.00,9.8085e-07
1761.00,7.1316e-07
1762.00,8.1063e-07
1763.00,9.0062e-07
1764.00,8.4538e-07
1765.00,1.0476e-06
1766.00,1.0229e-06
1767.00,1.2483e-06
1768.00,9.5109e-07
1769.00,1.0833e-06
1770.00,9.2342e-07
1771.00,1.0879e-06
1772.00,9.9599e-07
1773.00,9.5706e-07
1774.00,9.4354e-07
1775.00,9.4680e-07
1776.00,8.3506e-07
1777.00,8.1538e-07
1778.00,9.2196e-07
1779.00,8.0620e-07
1780.00,6.2612e-07
1781.00,7.8403e-07
1782.00,8.2202e-07
1783.00,9.1434e-07
1784.00,8.4761e-07
1785.00,7.7758e-07
1786.00,9.4520e-07
1787.00,9.9170e-07
1788.00,1.1008e-06
1789.00,1.1333e-06
1790.00,9.2024e-07
1791.00,9.0719e-07
1792.00,7.3481e-07
1793.00,1.0874e-06
1794.00,1.1771e-06
1795.00,7.9298e-07
1796.00,1.1261e-06
1797.00,9.8289e-07
1798.00,7.4098e-07
1799.00,9.6534e-07
1800.00,9.4123e-07
1801.00,1.1071e-06
1802.00,1.1059e-06
1803.00,8.8768e-07
1804.00,6.9067e-07
1805.00,8.5675e-07
1806.00,6.2561e-07
1807.00,9.5354e-07
1808.00,8.3403e-07
1809.00,1.1500e-06
1810.00,8.4247e-07
1811.00,9.4264e-07
1812.00,9.2244e-07
1813.00,7.8845e-07
1814.00,8.0653e-07
1815.00,8.1632e-07
1816.00,8.5522e-07
1817.00,8.9249e-07
1818.00,7.2768e-07
1819.00,9.2146e-07
1820.00,8.1552e-07
1821.00,6.7445e-07
1822.00,8.1545e-07
1823.00,9.0757e-07
1824.00,6.8940e-07
1825.00,8.1359e-07
1826.00,9.2124e-07
1827.00,1.1326e-06
1828.00,1.0508e-06
1829.00,1.0821e-06
1830.00,9.3484e-07
1831.00,1.0802e-06
1832.00,8.1062e-07
1833.00,7.8502e-07
1834.00,1.1576e-06
1835.00,1.1620e-06
1836.00,1.0243e-06
1837.00,9.8567e-07
1838.00,1.0581e-06
1839.00,1.0123e-06
1840.00,7.5642e-07
1841.00,8.7691e-07
1842.00,8.6126e-07
1843.00,8.0547e-07
1844.00,9.5192e-07
1845.00,6.9031e-07
1846.00,8.5938e-07
1847.00,8.0529e-07
1848.00,9.1408e-07
1849.00,9.4660e-07
1850.00,9.6267e-07
1851.00,8.2628e-07
1852.00,8.1103e-07
1853.00,8.7205e-07
1854.00,1.0628e-06
1855.00,8.1723e-07
1856.00,1.1338e-06
1857.00,8.2763e-07
1858.00,8.4307e-07
1859.00,7.4954e-07
1860.00,8.9476e-07
1861.00,9.4276e-07
1862.00,7.7027e-07
1863.00,7.3220e-07
1864.00,9.1312e-07
1865.00,9.5694e-07
1866.00,1.0571e-06
1867.00,9.8702e-07
1868.00,9.8275e-07
1869.00,1.1204e-06
1870.00,9.5979e-07
1871.00,9.4206e-07
1872.00,1.1845e-06
1873.00,1.0813e-06
1874.00,1.1245e-06
1875.00,9.7438e-07
1876.00,8.8288e-07
1877.00,1.0234e-06
1878.00,9.2175e-07
1879.00,9.0421e-07
1880.00,8.8521e-07
1881.00,8.3380e-07
1882.00,9.3760e-07
1883.00,1.0482e-06
1884.00,9.7930e-07
1885.00,8.7348e-07
1886.00,1.0513e-06
1887.00,1.0333e-06
1888.00,1.0432e-06
1889.00,9.7206e-07
1890.00,9.3298e-07
1891.00,9.3867e-07
1892.00,9.9873e-07
1893.00,8.7166e-07
1894.00,8.6092e-07
1895.00,1.0030e-06
1896.00,8.6579e-07
1897.00,1.0036e-06
1898.00,6.7827e-07
1899.00,1.0497e-06
1900.00,1.0233e-06
1901.00,8.8032e-07
1902.00,1.0230e-06
1903.00,9.8943e-07
1904.00,8.7316e-07
1905.00,7.2870e-07
1906.00,8.8474e-07
1907.00,1.1313e-06
1908.00,1.0037e-06
1909.00,8.8387e-07
1910.00,1.0025e-06
1911.00,8.6150e-07
1912.00,9.3512e-07
1913.00,9.1716e-07
1914.00,6.9539e-07
1915.00,8.7844e-07
1916.00,7.8423e-07
1917.00,9.0028e-07
1918.00,8.0071e-07
1919.00,8.3864e-07
1920.00,8.4154e-07
1921.00,9.8345e-07
1922.00,7.3705e-07
1923.00,1.0445e-06
1924.00,1.0178e-06
1925.00,9.0635e-07
1926.00,8.4950e-07
1927.00,9.7282e-07
1928.00,8.1131e-07
1929.00,9.0067e-07
1930.00,8.8575e-07
1931.00,9.1314e-07
1932.00,8.8475e-07
1933.00,9.4055e-07
1934.00,8.6329e-07
1935.00,8.6928e-07
1936.00,9.6338e-07
1937.00,1.1363e-06
1938.00,9.4881e-07
1939.00,1.1690e-06
1940.00,1.0696e-06
1941.00,1.0175e-06
1942.00,7.9104e-07
1943.00,1.0191e-06
1944.00,9.4073e-07
1945.00,1.0252e-06
1946.00,6.9880e-07
1947.00,9.8715e-07
1948.00,7.1500e-07
1949.00,7.0975e-07
1950.00,1.1077e-06
1951.00,9.1429e-07
1952.00,1.0268e-06
1953.00,7.0989e-07
1954.00,1.0688e-06
1955.00,8.7013e-07
1956.00,1.0852e-06
1957.00,1.0124e-06
1958.00,9.9710e-07
1959.00,9.9936e-07
1960.00,1.0781e-06
1961.00,8.2536e-07
1962.00,1.0235e-06
1963.00,1.0587e-06
1964.00,9.1086e-07
1965.00,6.6681e-07
1966.00,1.0160e-06
1967.00,9.7696e-07
1968.00,8.5601e-07
1969.00,8.3671e-07
1970.00,9.3754e-07
1971.00,1.0044e-06
1972.00,9.3619e-07
1973.00,7.6207e-07
1974.00,9.2976e-07
1975.00,1.1074e-06
1976.00,8.8581e-07
1977.00,8.7426e-07
1978.00,8.0700e-07
1979.00,1.0863e-06
1980.00,9.1150e-07
1981.00,7.4741e-07
1982.00,7.7974e-07
1983.00,8.0313e-07
1984.00,8.7566e-07
1985.00,9.1936e-07
1986.00,8.6650e-07
1987.00,8.9180e-07
1988.00,8.4933e-07
1989.00,8.6951e-07
1990.00,1.0408e-06
1991.00,9.5483e-07
1992.00,7.8918e-07
1993.00,9.4146e-07
1994.00,7.9382e-07
1995.00,8.6586e-07
1996.00,8.3762e-07
1997.00,8.4691e-07
1998.00,8.1156e-07
1999.00,1.1018e-06
2000.00,8.5489e-07
